Workbook

Sheet Main Data
A1: age | B1: gender | C1: country | D1: daily_usage_hours | E1: primary_platform | F1: num_platforms_used | G1: purpose | H1: avg_session_minutes | I1: night_usage | J1: mental_health_score | K1: addiction_level | L1: screen_time_before_sleep | M1: Category
A2: 25 | B2: Female | C2: Brazil | D2: 2.7213979 | E2: YouTube | F2: 3 | G2: Entertainment | H2: 17.687304 | I2: 1 | J2: 6.4988365 | K2: Medium | L2: 57.511201 | M2: =VLOOKUP(E2, 'Platform Info'!$A:$C, 2, FALSE)
A3: 22 | B3: Male | C3: Canada | D3: 4.2590083 | E3: YouTube | F3: 2 | G3: Socializing | H3: 30.053853 | I3: 1 | J3: 4.8521397 | K3: Medium | L3: 30.380069 | M3: =VLOOKUP(E3, 'Platform Info'!$A:$C, 2, FALSE)
A4: 15 | B4: Male | C4: India | D4: 1.5973 | E4: Instagram | F4: 1 | G4: Content Creation | H4: 14.295109 | I4: 0 | J4: 8.51362 | K4: Low | L4: 43.968642 | M4: =VLOOKUP(E4, 'Platform Info'!$A:$C, 2, FALSE)
A5: 14 | B5: Male | C5: Australia | D5: 2.9142414 | E5: TikTok | F5: 5 | G5: Socializing | H5: 25.444925 | I5: 0 | J5: 7.5124574 | K5: Medium | L5: 47.783313 | M5: =VLOOKUP(E5, 'Platform Info'!$A:$C, 2, FALSE)
A6: 21 | B6: Female | C6: India | D6: 2.8987755 | E6: TikTok | F6: 5 | G6: News | H6: 14.967762 | I6: 0 | J6: 9.2095286 | K6: Medium | L6: 59.543505 | M6: =VLOOKUP(E6, 'Platform Info'!$A:$C, 2, FALSE)
A7: 17 | B7: Other | C7: Brazil | D7: 0.5 | E7: TikTok | F7: 1 | G7: Education | H7: 13.794753 | I7: 1 | J7: 10 | K7: Low | L7: 31.969658 | M7: =VLOOKUP(E7, 'Platform Info'!$A:$C, 2, FALSE)
A8: 18 | B8: Male | C8: Germany | D8: 3.6817251 | E8: TikTok | F8: 5 | G8: Entertainment | H8: 12.614597 | I8: 1 | J8: 6.5331303 | K8: Medium | L8: 58.431691 | M8: =VLOOKUP(E8, 'Platform Info'!$A:$C, 2, FALSE)
A9: 18 | B9: Female | C9: Germany | D9: 2.2640348 | E9: TikTok | F9: 3 | G9: Entertainment | H9: 14.958722 | I9: 0 | J9: 9.3463499 | K9: Low | L9: 56.836318 | M9: =VLOOKUP(E9, 'Platform Info'!$A:$C, 2, FALSE)
A10: 24 | B10: Male | C10: Canada | D10: 1.5565009 | E10: Instagram | F10: 4 | G10: Education | H10: 16.866927 | I10: 1 | J10: 8.747825 | K10: Low | L10: 45.465375 | M10: =VLOOKUP(E10, 'Platform Info'!$A:$C, 2, FALSE)
A11: 16 | B11: Male | C11: Germany | D11: 3.8644259 | E11: Snapchat | F11: 4 | G11: Education | H11: 32.618077 | I11: 1 | J11: 6.8857666 | K11: Medium | L11: 27.355678 | M11: =VLOOKUP(E11, 'Platform Info'!$A:$C, 2, FALSE)
A12: 14 | B12: Male | C12: India | D12: 0.82688746 | E12: Instagram | F12: 1 | G12: Socializing | H12: 34.716778 | I12: 1 | J12: 8.0932587 | K12: Low | L12: 43.567689 | M12: =VLOOKUP(E12, 'Platform Info'!$A:$C, 2, FALSE)
A13: 25 | B13: Male | C13: India | D13: 0.56007563 | E13: Instagram | F13: 3 | G13: Socializing | H13: 38.430796 | I13: 0 | J13: 9.9123546 | K13: Low | L13: 62.705459 | M13: =VLOOKUP(E13, 'Platform Info'!$A:$C, 2, FALSE)
... A8001: 22 | B8001: Female | C8001: Brazil | D8001: 5.5963822 | E8001: YouTube | F8001: 5 | G8001: Content Creation | H8001: 27.362489 | I8001: 1 | J8001: 6.1735638 | K8001: High | L8001: 23.338865 | M8001: =VLOOKUP(E8001, 'Platform Info'!$A:$C, 2, FALSE)

Sheet Platform Info
A1: Platform | B1: Category | C1: Founded_Year
A2: YouTube | B2: Long-form Video | C2: 2005
A3: Instagram | B3: Photo/Video | C3: 2010
A4: TikTok | B4: Short-form Video | C4: 2016
A5: Snapchat | B5: Media/Messaging | C5: 2011
A6: Twitter | B6: Microblogging | C6: 2006

Sheet Pivot Reports
B2: Platform-wise User Count (Pivot Table 1)
B4: Primary Platform | C4: User Count
B5: Instagram | C5: 2357
B6: YouTube | C6: 2016
B7: TikTok | C7: 1988
B8: Snapchat | C8: 841
B9: Twitter | C9: 798
B10: Total | C10: =SUM(C5:C9)
B13: Age Group-wise Daily Usage (Pivot Table 2)
B15: Age Group | C15: Average Daily Usage (Hours)
B16: 13-17 | C16: 3.54
B17: 18-21 | C17: 3.57
B18: 22-26 | C18: 3.49
